[{"model": "auth.group", "pk": 1, "fields": {"name": "Organizer", "permissions": [33, 40, 41, 37, 38, 36, 35, 34, 39]}}, {"model": "auth.group", "pk": 2, "fields": {"name": "Attendee", "permissions": [37, 38, 36, 39]}}, {"model": "users.customuser", "pk": 2, "fields": {"password": "pbkdf2_sha256$1000000$ZSsZ2nsGX1zhN23rPVZf3W$YfmRit5OxKaApqXuNuNZq+6I6W91ndRtPjVKcCCBIHg=", "last_login": "2025-07-08T09:09:04.209Z", "is_superuser": true, "username": "giacomo", "first_name": "", "last_name": "", "is_staff": true, "is_active": true, "date_joined": "2025-06-17T13:31:27.607Z", "user_type": "attendee", "email": "a@b.it", "groups": [], "user_permissions": []}}, {"model": "users.customuser", "pk": 13, "fields": {"password": "pbkdf2_sha256$1000000$I72CMKPoY17P8LNaoG2xUv$bFWuJzD2sFoj+jQM5W+blWLc6v1SSeWIgaa5l4wr5lI=", "last_login": "2025-07-09T17:16:15.082Z", "is_superuser": false, "username": "Luigi", "first_name": "", "last_name": "", "is_staff": false, "is_active": true, "date_joined": "2025-07-09T09:52:26.214Z", "user_type": "organizer", "email": "luigi@a.it", "groups": [1], "user_permissions": []}}, {"model": "users.customuser", "pk": 14, "fields": {"password": "pbkdf2_sha256$1000000$j3ZyhjGtXY8hAroGKm5vWT$Hieg/UTzzY4qb8lxsJCwr5MhF/aJqGAP+g9RAffvcuQ=", "last_login": "2025-07-09T09:56:15.016Z", "is_superuser": false, "username": "Mario", "first_name": "", "last_name": "", "is_staff": false, "is_active": true, "date_joined": "2025-07-09T09:56:14.822Z", "user_type": "organizer", "email": "mario@rossi.it", "groups": [1], "user_permissions": []}}, {"model": "users.customuser", "pk": 15, "fields": {"password": "pbkdf2_sha256$1000000$tQmiPygSrNrFuOdbwPPzVi$kHn8Ct7Y07o1/EFaeEGPFIHOXhWwe64SAsBLbhY5fso=", "last_login": "2025-07-09T09:59:06.405Z", "is_superuser": false, "username": "Paolo", "first_name": "", "last_name": "", "is_staff": false, "is_active": true, "date_joined": "2025-07-09T09:59:06.178Z", "user_type": "organizer", "email": "paolo@verdi.it", "groups": [1], "user_permissions": []}}, {"model": "users.customuser", "pk": 16, "fields": {"password": "pbkdf2_sha256$1000000$GHHo2yWsSuiYB5xrXBnlaZ$KsLl4wG6JF/X/7nRbwQ/j1J9h5+fQmecIoyjdeQABK8=", "last_login": "2025-07-09T10:04:30.945Z", "is_superuser": false, "username": "Antonio", "first_name": "", "last_name": "", "is_staff": false, "is_active": true, "date_joined": "2025-07-09T10:00:46.366Z", "user_type": "organizer", "email": "antonio@bianchi.it", "groups": [1], "user_permissions": []}}, {"model": "users.customuser", "pk": 17, "fields": {"password": "pbkdf2_sha256$1000000$6D8Zup6cWr64QBwc5LTKfA$kY9PrSgozsnKA0D5IfwUGE73Fjht3qEAZvyjBB4OVg8=", "last_login": "2025-07-09T10:04:18.427Z", "is_superuser": false, "username": "Stefano", "first_name": "", "last_name": "", "is_staff": false, "is_active": true, "date_joined": "2025-07-09T10:03:22.803Z", "user_type": "attendee", "email": "stefano@neri.it", "groups": [2], "user_permissions": []}}, {"model": "users.customuser", "pk": 18, "fields": {"password": "pbkdf2_sha256$1000000$YpnC5gGeea3VoLYSARw5Ui$2mfFeeetDCZirx5/hx5JmIVEU9FWRzKbVGZa7Dvf9F4=", "last_login": "2025-07-09T10:05:06.032Z", "is_superuser": false, "username": "Pietro", "first_name": "", "last_name": "", "is_staff": false, "is_active": true, "date_joined": "2025-07-09T10:05:05.835Z", "user_type": "attendee", "email": "pietro@rossi.it", "groups": [2], "user_permissions": []}}, {"model": "users.customuser", "pk": 19, "fields": {"password": "pbkdf2_sha256$1000000$SOufBY8MX08hHZfxV4ftD7$8a0L32/1dWRvIkav45wRG8tyWFQDosvjoyFnLDamWyc=", "last_login": "2025-07-09T10:54:57.039Z", "is_superuser": false, "username": "Giuseppe", "first_name": "", "last_name": "", "is_staff": false, "is_active": true, "date_joined": "2025-07-09T10:05:48.685Z", "user_type": "attendee", "email": "giuseppe@verdi.it", "groups": [2], "user_permissions": []}}, {"model": "users.customuser", "pk": 20, "fields": {"password": "pbkdf2_sha256$1000000$Keq9UOro3Rq03iilvMl2sa$S7g8fdXWM32tM/vt6LYIKmDeqNJ9lc371J6m2MOZ050=", "last_login": "2025-07-09T10:06:28.756Z", "is_superuser": false, "username": "Leonardo", "first_name": "", "last_name": "", "is_staff": false, "is_active": true, "date_joined": "2025-07-09T10:06:28.528Z", "user_type": "attendee", "email": "leonardo@bianchi.it", "groups": [2], "user_permissions": []}}, {"model": "users.customuser", "pk": 21, "fields": {"password": "pbkdf2_sha256$1000000$bCySy2XUs25X0PbdbtD4cZ$Yhm/sv/m2oYIUtufxfDQXYZY7ZfszfeF2EBac84EQCc=", "last_login": "2025-07-09T10:07:00.012Z", "is_superuser": false, "username": "Marco", "first_name": "", "last_name": "", "is_staff": false, "is_active": true, "date_joined": "2025-07-09T10:06:59.814Z", "user_type": "organizer", "email": "marco@neri.it", "groups": [1], "user_permissions": []}}, {"model": "users.customuser", "pk": 22, "fields": {"password": "pbkdf2_sha256$1000000$uL65yw8DqcyxgcOznyufOi$SSYy0QhaDvkB3vf8TH92Hx+fln34PAvonXfqTMvf6Pw=", "last_login": "2025-07-09T10:54:22.349Z", "is_superuser": false, "username": "Samuele", "first_name": "", "last_name": "", "is_staff": false, "is_active": true, "date_joined": "2025-07-09T10:51:34.539Z", "user_type": "organizer", "email": "samuele@bianchi.it", "groups": [1], "user_permissions": []}}, {"model": "events.event", "pk": 9, "fields": {"title": "Partita di calcetto", "description": "Partita di calcetto con squadre di 5 persone", "date": "2025-08-11T00:30:00Z", "location": "Milano", "organizer": 13}}, {"model": "events.event", "pk": 10, "fields": {"title": "Conferenza", "description": "Conferenza sul Machine Learning", "date": "2025-07-22T10:00:00Z", "location": "Torino", "organizer": 13}}, {"model": "events.event", "pk": 11, "fields": {"title": "Torneo di basket", "description": "Torneo di basket di 10 partite per squadre di 3 persone", "date": "2025-07-31T16:00:00Z", "location": "Roma", "organizer": 13}}, {"model": "events.event", "pk": 12, "fields": {"title": "Partita di tennis", "description": "Partita di tennis su terra rossa", "date": "2025-09-15T17:00:00Z", "location": "Firenze", "organizer": 14}}, {"model": "events.event", "pk": 13, "fields": {"title": "Open day", "description": "Open day della Scuola Superiore Rossi", "date": "2025-09-01T14:00:00Z", "location": "Napoli", "organizer": 14}}, {"model": "events.event", "pk": 14, "fields": {"title": "Partita di padel", "description": "Partita di padel per squadre di 2 persone", "date": "2025-10-05T15:00:00Z", "location": "Genova", "organizer": 15}}, {"model": "events.event", "pk": 15, "fields": {"title": "Raduno di auto storiche", "description": "Raduno di auto d'epoca degli anni '70", "date": "2025-08-25T09:00:00Z", "location": "Udine", "organizer": 16}}, {"model": "events.registration", "pk": 42, "fields": {"event": 9, "user": 13, "registration_date": "2025-07-09T09:55:34.046Z"}}, {"model": "events.registration", "pk": 43, "fields": {"event": 11, "user": 13, "registration_date": "2025-07-09T09:55:37.323Z"}}, {"model": "events.registration", "pk": 44, "fields": {"event": 11, "user": 14, "registration_date": "2025-07-09T09:58:31.658Z"}}, {"model": "events.registration", "pk": 45, "fields": {"event": 10, "user": 14, "registration_date": "2025-07-09T09:58:34.950Z"}}, {"model": "events.registration", "pk": 46, "fields": {"event": 12, "user": 14, "registration_date": "2025-07-09T09:58:39.538Z"}}, {"model": "events.registration", "pk": 47, "fields": {"event": 10, "user": 15, "registration_date": "2025-07-09T10:00:12.689Z"}}, {"model": "events.registration", "pk": 48, "fields": {"event": 9, "user": 15, "registration_date": "2025-07-09T10:00:13.861Z"}}, {"model": "events.registration", "pk": 49, "fields": {"event": 13, "user": 15, "registration_date": "2025-07-09T10:00:16.134Z"}}, {"model": "events.registration", "pk": 50, "fields": {"event": 11, "user": 15, "registration_date": "2025-07-09T10:00:23.200Z"}}, {"model": "events.registration", "pk": 51, "fields": {"event": 11, "user": 16, "registration_date": "2025-07-09T10:02:27.932Z"}}, {"model": "events.registration", "pk": 52, "fields": {"event": 13, "user": 16, "registration_date": "2025-07-09T10:02:31.339Z"}}, {"model": "events.registration", "pk": 53, "fields": {"event": 9, "user": 16, "registration_date": "2025-07-09T10:02:33.070Z"}}, {"model": "events.registration", "pk": 54, "fields": {"event": 14, "user": 16, "registration_date": "2025-07-09T10:02:36.816Z"}}, {"model": "events.registration", "pk": 55, "fields": {"event": 11, "user": 17, "registration_date": "2025-07-09T10:03:28.069Z"}}, {"model": "events.registration", "pk": 56, "fields": {"event": 10, "user": 17, "registration_date": "2025-07-09T10:03:29.385Z"}}, {"model": "events.registration", "pk": 57, "fields": {"event": 9, "user": 17, "registration_date": "2025-07-09T10:03:30.762Z"}}, {"model": "events.registration", "pk": 58, "fields": {"event": 14, "user": 17, "registration_date": "2025-07-09T10:03:32.402Z"}}, {"model": "events.registration", "pk": 60, "fields": {"event": 10, "user": 18, "registration_date": "2025-07-09T10:05:12.855Z"}}, {"model": "events.registration", "pk": 61, "fields": {"event": 11, "user": 18, "registration_date": "2025-07-09T10:05:13.934Z"}}, {"model": "events.registration", "pk": 62, "fields": {"event": 13, "user": 18, "registration_date": "2025-07-09T10:05:16.464Z"}}, {"model": "events.registration", "pk": 63, "fields": {"event": 14, "user": 18, "registration_date": "2025-07-09T10:05:17.882Z"}}, {"model": "events.registration", "pk": 64, "fields": {"event": 12, "user": 18, "registration_date": "2025-07-09T10:05:21.843Z"}}, {"model": "events.registration", "pk": 65, "fields": {"event": 10, "user": 19, "registration_date": "2025-07-09T10:05:50.911Z"}}, {"model": "events.registration", "pk": 66, "fields": {"event": 9, "user": 19, "registration_date": "2025-07-09T10:05:54.270Z"}}, {"model": "events.registration", "pk": 67, "fields": {"event": 12, "user": 19, "registration_date": "2025-07-09T10:05:55.965Z"}}, {"model": "events.registration", "pk": 68, "fields": {"event": 14, "user": 19, "registration_date": "2025-07-09T10:05:57.479Z"}}, {"model": "events.registration", "pk": 69, "fields": {"event": 15, "user": 19, "registration_date": "2025-07-09T10:06:02.746Z"}}, {"model": "events.registration", "pk": 70, "fields": {"event": 10, "user": 20, "registration_date": "2025-07-09T10:06:30.678Z"}}, {"model": "events.registration", "pk": 71, "fields": {"event": 9, "user": 20, "registration_date": "2025-07-09T10:06:31.359Z"}}, {"model": "events.registration", "pk": 72, "fields": {"event": 15, "user": 20, "registration_date": "2025-07-09T10:06:32.948Z"}}, {"model": "events.registration", "pk": 73, "fields": {"event": 13, "user": 20, "registration_date": "2025-07-09T10:06:34.212Z"}}, {"model": "events.registration", "pk": 74, "fields": {"event": 11, "user": 20, "registration_date": "2025-07-09T10:06:37.046Z"}}, {"model": "events.registration", "pk": 75, "fields": {"event": 10, "user": 21, "registration_date": "2025-07-09T10:07:05.425Z"}}, {"model": "events.registration", "pk": 76, "fields": {"event": 13, "user": 21, "registration_date": "2025-07-09T10:07:06.845Z"}}, {"model": "events.registration", "pk": 78, "fields": {"event": 15, "user": 21, "registration_date": "2025-07-09T10:07:10.274Z"}}, {"model": "events.registration", "pk": 79, "fields": {"event": 14, "user": 21, "registration_date": "2025-07-09T10:07:11.456Z"}}, {"model": "events.registration", "pk": 80, "fields": {"event": 12, "user": 21, "registration_date": "2025-07-09T10:07:14.852Z"}}, {"model": "events.registration", "pk": 81, "fields": {"event": 14, "user": 22, "registration_date": "2025-07-09T10:53:44.380Z"}}, {"model": "events.registration", "pk": 82, "fields": {"event": 9, "user": 22, "registration_date": "2025-07-09T10:53:45.816Z"}}, {"model": "events.registration", "pk": 83, "fields": {"event": 11, "user": 22, "registration_date": "2025-07-09T10:53:46.947Z"}}]