[{"model": "admin.logentry", "pk": 1, "fields": {"action_time": "2025-06-17T15:11:03.225Z", "user": 2, "content_type": 7, "object_id": "1", "object_repr": "Event object (1)", "action_flag": 1, "change_message": "[{\"added\": {}}]"}}, {"model": "admin.logentry", "pk": 2, "fields": {"action_time": "2025-06-17T15:11:56.352Z", "user": 2, "content_type": 7, "object_id": "2", "object_repr": "Event object (2)", "action_flag": 1, "change_message": "[{\"added\": {}}]"}}, {"model": "admin.logentry", "pk": 3, "fields": {"action_time": "2025-06-17T15:47:34.258Z", "user": 2, "content_type": 7, "object_id": "3", "object_repr": "Gran premio", "action_flag": 1, "change_message": "[{\"added\": {}}]"}}, {"model": "admin.logentry", "pk": 4, "fields": {"action_time": "2025-06-17T15:48:27.296Z", "user": 2, "content_type": 7, "object_id": "4", "object_repr": "Partita di tennis", "action_flag": 1, "change_message": "[{\"added\": {}}]"}}, {"model": "admin.logentry", "pk": 5, "fields": {"action_time": "2025-06-17T18:55:24.233Z", "user": 2, "content_type": 6, "object_id": "8", "object_repr": "Giuseppe (Organizer)", "action_flag": 3, "change_message": ""}}, {"model": "admin.logentry", "pk": 6, "fields": {"action_time": "2025-06-17T19:01:04.960Z", "user": 2, "content_type": 6, "object_id": "9", "object_repr": "Giuseppe (Organizer)", "action_flag": 3, "change_message": ""}}, {"model": "admin.logentry", "pk": 7, "fields": {"action_time": "2025-07-09T09:22:03.628Z", "user": 2, "content_type": 3, "object_id": "1", "object_repr": "Organizer", "action_flag": 1, "change_message": "[{\"added\": {}}]"}}, {"model": "admin.logentry", "pk": 8, "fields": {"action_time": "2025-07-09T09:22:10.296Z", "user": 2, "content_type": 3, "object_id": "1", "object_repr": "Organizer", "action_flag": 2, "change_message": "[]"}}, {"model": "admin.logentry", "pk": 9, "fields": {"action_time": "2025-07-09T09:22:11.045Z", "user": 2, "content_type": 3, "object_id": "1", "object_repr": "Organizer", "action_flag": 2, "change_message": "[]"}}, {"model": "admin.logentry", "pk": 10, "fields": {"action_time": "2025-07-09T09:22:12.994Z", "user": 2, "content_type": 3, "object_id": "1", "object_repr": "Organizer", "action_flag": 2, "change_message": "[]"}}, {"model": "admin.logentry", "pk": 11, "fields": {"action_time": "2025-07-09T09:24:59.476Z", "user": 2, "content_type": 3, "object_id": "1", "object_repr": "Organizer", "action_flag": 2, "change_message": "[{\"changed\": {\"fields\": [\"Permissions\"]}}]"}}, {"model": "admin.logentry", "pk": 12, "fields": {"action_time": "2025-07-09T09:25:09.285Z", "user": 2, "content_type": 3, "object_id": "2", "object_repr": "Attendee", "action_flag": 1, "change_message": "[{\"added\": {}}]"}}, {"model": "admin.logentry", "pk": 13, "fields": {"action_time": "2025-07-09T09:48:26.999Z", "user": 2, "content_type": 8, "object_id": "41", "object_repr": "Luigi - Partita di tennis", "action_flag": 3, "change_message": ""}}, {"model": "admin.logentry", "pk": 14, "fields": {"action_time": "2025-07-09T09:48:26.999Z", "user": 2, "content_type": 8, "object_id": "40", "object_repr": "Luigi - Torneo di basket", "action_flag": 3, "change_message": ""}}, {"model": "admin.logentry", "pk": 15, "fields": {"action_time": "2025-07-09T09:48:26.999Z", "user": 2, "content_type": 8, "object_id": "38", "object_repr": "Samuele - Partita di tennis", "action_flag": 3, "change_message": ""}}, {"model": "admin.logentry", "pk": 16, "fields": {"action_time": "2025-07-09T09:48:26.999Z", "user": 2, "content_type": 8, "object_id": "37", "object_repr": "Samuele - Partita di Padel", "action_flag": 3, "change_message": ""}}, {"model": "admin.logentry", "pk": 17, "fields": {"action_time": "2025-07-09T09:48:26.999Z", "user": 2, "content_type": 8, "object_id": "36", "object_repr": "Samuele - Torneo di pallavolo", "action_flag": 3, "change_message": ""}}, {"model": "admin.logentry", "pk": 18, "fields": {"action_time": "2025-07-09T09:48:26.999Z", "user": 2, "content_type": 8, "object_id": "35", "object_repr": "Samuele - Torneo di basket", "action_flag": 3, "change_message": ""}}, {"model": "admin.logentry", "pk": 19, "fields": {"action_time": "2025-07-09T09:48:26.999Z", "user": 2, "content_type": 8, "object_id": "34", "object_repr": "Jacopo - Partita di Padel", "action_flag": 3, "change_message": ""}}, {"model": "admin.logentry", "pk": 20, "fields": {"action_time": "2025-07-09T09:48:26.999Z", "user": 2, "content_type": 8, "object_id": "33", "object_repr": "Jacopo - Conferenza", "action_flag": 3, "change_message": ""}}, {"model": "admin.logentry", "pk": 21, "fields": {"action_time": "2025-07-09T09:48:26.999Z", "user": 2, "content_type": 8, "object_id": "32", "object_repr": "Jacopo - Partita di tennis", "action_flag": 3, "change_message": ""}}, {"model": "admin.logentry", "pk": 22, "fields": {"action_time": "2025-07-09T09:48:26.999Z", "user": 2, "content_type": 8, "object_id": "31", "object_repr": "Pietro - Partita di tennis", "action_flag": 3, "change_message": ""}}, {"model": "admin.logentry", "pk": 23, "fields": {"action_time": "2025-07-09T09:48:26.999Z", "user": 2, "content_type": 8, "object_id": "30", "object_repr": "Paolo - Torneo di pallavolo", "action_flag": 3, "change_message": ""}}, {"model": "admin.logentry", "pk": 24, "fields": {"action_time": "2025-07-09T09:48:26.999Z", "user": 2, "content_type": 8, "object_id": "29", "object_repr": "Paolo - Torneo di basket", "action_flag": 3, "change_message": ""}}, {"model": "admin.logentry", "pk": 25, "fields": {"action_time": "2025-07-09T09:48:26.999Z", "user": 2, "content_type": 8, "object_id": "28", "object_repr": "Antonio - Torneo di pallavolo", "action_flag": 3, "change_message": ""}}, {"model": "admin.logentry", "pk": 26, "fields": {"action_time": "2025-07-09T09:48:26.999Z", "user": 2, "content_type": 8, "object_id": "27", "object_repr": "Antonio - Torneo di basket", "action_flag": 3, "change_message": ""}}, {"model": "admin.logentry", "pk": 27, "fields": {"action_time": "2025-07-09T09:48:26.999Z", "user": 2, "content_type": 8, "object_id": "25", "object_repr": "Mario - Partita di Padel", "action_flag": 3, "change_message": ""}}, {"model": "admin.logentry", "pk": 28, "fields": {"action_time": "2025-07-09T09:48:26.999Z", "user": 2, "content_type": 8, "object_id": "22", "object_repr": "Luigi - Conferenza", "action_flag": 3, "change_message": ""}}, {"model": "admin.logentry", "pk": 29, "fields": {"action_time": "2025-07-09T09:48:26.999Z", "user": 2, "content_type": 8, "object_id": "20", "object_repr": "Pietro - Conferenza", "action_flag": 3, "change_message": ""}}, {"model": "admin.logentry", "pk": 30, "fields": {"action_time": "2025-07-09T09:48:26.999Z", "user": 2, "content_type": 8, "object_id": "19", "object_repr": "Pietro - Torneo di basket", "action_flag": 3, "change_message": ""}}, {"model": "admin.logentry", "pk": 31, "fields": {"action_time": "2025-07-09T09:48:26.999Z", "user": 2, "content_type": 8, "object_id": "16", "object_repr": "Giorgio - Conferenza", "action_flag": 3, "change_message": ""}}, {"model": "admin.logentry", "pk": 32, "fields": {"action_time": "2025-07-09T09:48:26.999Z", "user": 2, "content_type": 8, "object_id": "12", "object_repr": "Mario - Conferenza", "action_flag": 3, "change_message": ""}}, {"model": "admin.logentry", "pk": 33, "fields": {"action_time": "2025-07-09T09:48:26.999Z", "user": 2, "content_type": 8, "object_id": "4", "object_repr": "Paolo - Conferenza", "action_flag": 3, "change_message": ""}}, {"model": "admin.logentry", "pk": 34, "fields": {"action_time": "2025-07-09T09:48:42.113Z", "user": 2, "content_type": 7, "object_id": "7", "object_repr": "Torneo di pallavolo", "action_flag": 3, "change_message": ""}}, {"model": "admin.logentry", "pk": 35, "fields": {"action_time": "2025-07-09T09:48:42.113Z", "user": 2, "content_type": 7, "object_id": "6", "object_repr": "Partita di Padel", "action_flag": 3, "change_message": ""}}, {"model": "admin.logentry", "pk": 36, "fields": {"action_time": "2025-07-09T09:48:42.113Z", "user": 2, "content_type": 7, "object_id": "5", "object_repr": "Torneo di basket", "action_flag": 3, "change_message": ""}}, {"model": "admin.logentry", "pk": 37, "fields": {"action_time": "2025-07-09T09:48:42.113Z", "user": 2, "content_type": 7, "object_id": "4", "object_repr": "Partita di tennis", "action_flag": 3, "change_message": ""}}, {"model": "admin.logentry", "pk": 38, "fields": {"action_time": "2025-07-09T09:48:42.113Z", "user": 2, "content_type": 7, "object_id": "2", "object_repr": "Conferenza", "action_flag": 3, "change_message": ""}}, {"model": "admin.logentry", "pk": 39, "fields": {"action_time": "2025-07-09T09:49:07.692Z", "user": 2, "content_type": 6, "object_id": "12", "object_repr": "Samuele (Organizer)", "action_flag": 3, "change_message": ""}}, {"model": "admin.logentry", "pk": 40, "fields": {"action_time": "2025-07-09T09:49:07.692Z", "user": 2, "content_type": 6, "object_id": "11", "object_repr": "Jacopo (Attendee)", "action_flag": 3, "change_message": ""}}, {"model": "admin.logentry", "pk": 41, "fields": {"action_time": "2025-07-09T09:49:07.692Z", "user": 2, "content_type": 6, "object_id": "10", "object_repr": "Marco (Organizer)", "action_flag": 3, "change_message": ""}}, {"model": "admin.logentry", "pk": 42, "fields": {"action_time": "2025-07-09T09:49:07.692Z", "user": 2, "content_type": 6, "object_id": "7", "object_repr": "Antonio (Organizer)", "action_flag": 3, "change_message": ""}}, {"model": "admin.logentry", "pk": 43, "fields": {"action_time": "2025-07-09T09:49:07.692Z", "user": 2, "content_type": 6, "object_id": "6", "object_repr": "Giorgio (Organizer)", "action_flag": 3, "change_message": ""}}, {"model": "admin.logentry", "pk": 44, "fields": {"action_time": "2025-07-09T09:49:07.692Z", "user": 2, "content_type": 6, "object_id": "5", "object_repr": "Paolo (Organizer)", "action_flag": 3, "change_message": ""}}, {"model": "admin.logentry", "pk": 45, "fields": {"action_time": "2025-07-09T09:49:07.692Z", "user": 2, "content_type": 6, "object_id": "4", "object_repr": "Pietro (Attendee)", "action_flag": 3, "change_message": ""}}, {"model": "admin.logentry", "pk": 46, "fields": {"action_time": "2025-07-09T09:49:07.692Z", "user": 2, "content_type": 6, "object_id": "3", "object_repr": "Luigi (Organizer)", "action_flag": 3, "change_message": ""}}, {"model": "admin.logentry", "pk": 47, "fields": {"action_time": "2025-07-09T09:49:07.692Z", "user": 2, "content_type": 6, "object_id": "1", "object_repr": "Mario (Attendee)", "action_flag": 3, "change_message": ""}}, {"model": "admin.logentry", "pk": 48, "fields": {"action_time": "2025-07-09T09:50:42.133Z", "user": 2, "content_type": 3, "object_id": "1", "object_repr": "Organizer", "action_flag": 2, "change_message": "[{\"changed\": {\"fields\": [\"Permissions\"]}}]"}}, {"model": "admin.logentry", "pk": 49, "fields": {"action_time": "2025-07-09T09:51:41.608Z", "user": 2, "content_type": 3, "object_id": "2", "object_repr": "Attendee", "action_flag": 2, "change_message": "[{\"changed\": {\"fields\": [\"Permissions\"]}}]"}}, {"model": "auth.permission", "pk": 1, "fields": {"name": "Can add log entry", "content_type": 1, "codename": "add_logentry"}}, {"model": "auth.permission", "pk": 2, "fields": {"name": "Can change log entry", "content_type": 1, "codename": "change_logentry"}}, {"model": "auth.permission", "pk": 3, "fields": {"name": "Can delete log entry", "content_type": 1, "codename": "delete_logentry"}}, {"model": "auth.permission", "pk": 4, "fields": {"name": "Can view log entry", "content_type": 1, "codename": "view_logentry"}}, {"model": "auth.permission", "pk": 5, "fields": {"name": "Can add permission", "content_type": 2, "codename": "add_permission"}}, {"model": "auth.permission", "pk": 6, "fields": {"name": "Can change permission", "content_type": 2, "codename": "change_permission"}}, {"model": "auth.permission", "pk": 7, "fields": {"name": "Can delete permission", "content_type": 2, "codename": "delete_permission"}}, {"model": "auth.permission", "pk": 8, "fields": {"name": "Can view permission", "content_type": 2, "codename": "view_permission"}}, {"model": "auth.permission", "pk": 9, "fields": {"name": "Can add group", "content_type": 3, "codename": "add_group"}}, {"model": "auth.permission", "pk": 10, "fields": {"name": "Can change group", "content_type": 3, "codename": "change_group"}}, {"model": "auth.permission", "pk": 11, "fields": {"name": "Can delete group", "content_type": 3, "codename": "delete_group"}}, {"model": "auth.permission", "pk": 12, "fields": {"name": "Can view group", "content_type": 3, "codename": "view_group"}}, {"model": "auth.permission", "pk": 13, "fields": {"name": "Can add content type", "content_type": 4, "codename": "add_contenttype"}}, {"model": "auth.permission", "pk": 14, "fields": {"name": "Can change content type", "content_type": 4, "codename": "change_contenttype"}}, {"model": "auth.permission", "pk": 15, "fields": {"name": "Can delete content type", "content_type": 4, "codename": "delete_contenttype"}}, {"model": "auth.permission", "pk": 16, "fields": {"name": "Can view content type", "content_type": 4, "codename": "view_contenttype"}}, {"model": "auth.permission", "pk": 17, "fields": {"name": "Can add session", "content_type": 5, "codename": "add_session"}}, {"model": "auth.permission", "pk": 18, "fields": {"name": "Can change session", "content_type": 5, "codename": "change_session"}}, {"model": "auth.permission", "pk": 19, "fields": {"name": "Can delete session", "content_type": 5, "codename": "delete_session"}}, {"model": "auth.permission", "pk": 20, "fields": {"name": "Can view session", "content_type": 5, "codename": "view_session"}}, {"model": "auth.permission", "pk": 21, "fields": {"name": "Can add user", "content_type": 6, "codename": "add_customuser"}}, {"model": "auth.permission", "pk": 22, "fields": {"name": "Can change user", "content_type": 6, "codename": "change_customuser"}}, {"model": "auth.permission", "pk": 23, "fields": {"name": "Can delete user", "content_type": 6, "codename": "delete_customuser"}}, {"model": "auth.permission", "pk": 24, "fields": {"name": "Can view user", "content_type": 6, "codename": "view_customuser"}}, {"model": "auth.permission", "pk": 25, "fields": {"name": "Can add event", "content_type": 7, "codename": "add_event"}}, {"model": "auth.permission", "pk": 26, "fields": {"name": "Can change event", "content_type": 7, "codename": "change_event"}}, {"model": "auth.permission", "pk": 27, "fields": {"name": "Can delete event", "content_type": 7, "codename": "delete_event"}}, {"model": "auth.permission", "pk": 28, "fields": {"name": "Can view event", "content_type": 7, "codename": "view_event"}}, {"model": "auth.permission", "pk": 29, "fields": {"name": "Can add registration", "content_type": 8, "codename": "add_registration"}}, {"model": "auth.permission", "pk": 30, "fields": {"name": "Can change registration", "content_type": 8, "codename": "change_registration"}}, {"model": "auth.permission", "pk": 31, "fields": {"name": "Can delete registration", "content_type": 8, "codename": "delete_registration"}}, {"model": "auth.permission", "pk": 32, "fields": {"name": "Can view registration", "content_type": 8, "codename": "view_registration"}}, {"model": "auth.permission", "pk": 33, "fields": {"name": "Può creare eventi", "content_type": 7, "codename": "can_create_event"}}, {"model": "auth.permission", "pk": 34, "fields": {"name": "Può vedere eventi organizzati", "content_type": 7, "codename": "can_view_created_events"}}, {"model": "auth.permission", "pk": 35, "fields": {"name": "Può vedere gli iscritti a un evento", "content_type": 7, "codename": "can_view_attendees_list"}}, {"model": "auth.permission", "pk": 36, "fields": {"name": "Può vedere tutti gli eventi", "content_type": 7, "codename": "can_view_all_events"}}, {"model": "auth.permission", "pk": 37, "fields": {"name": "Può registrarsi a un evento", "content_type": 7, "codename": "can_register_for_event"}}, {"model": "auth.permission", "pk": 38, "fields": {"name": "Può annullare la registrazione a un evento", "content_type": 7, "codename": "can_unregister_from_event"}}, {"model": "auth.permission", "pk": 39, "fields": {"name": "Può vedere le proprie registrazioni", "content_type": 7, "codename": "can_view_own_registrations"}}, {"model": "auth.permission", "pk": 40, "fields": {"name": "Può eliminare eventi", "content_type": 7, "codename": "can_delete_event"}}, {"model": "auth.permission", "pk": 41, "fields": {"name": "Può modificare eventi", "content_type": 7, "codename": "can_edit_event"}}, {"model": "auth.group", "pk": 1, "fields": {"name": "Organizer", "permissions": [33, 40, 41, 37, 38, 36, 35, 34, 39]}}, {"model": "auth.group", "pk": 2, "fields": {"name": "Attendee", "permissions": [37, 38, 36, 39]}}, {"model": "contenttypes.contenttype", "pk": 1, "fields": {"app_label": "admin", "model": "logentry"}}, {"model": "contenttypes.contenttype", "pk": 2, "fields": {"app_label": "auth", "model": "permission"}}, {"model": "contenttypes.contenttype", "pk": 3, "fields": {"app_label": "auth", "model": "group"}}, {"model": "contenttypes.contenttype", "pk": 4, "fields": {"app_label": "contenttypes", "model": "contenttype"}}, {"model": "contenttypes.contenttype", "pk": 5, "fields": {"app_label": "sessions", "model": "session"}}, {"model": "contenttypes.contenttype", "pk": 6, "fields": {"app_label": "users", "model": "customuser"}}, {"model": "contenttypes.contenttype", "pk": 7, "fields": {"app_label": "events", "model": "event"}}, {"model": "contenttypes.contenttype", "pk": 8, "fields": {"app_label": "events", "model": "registration"}}, {"model": "sessions.session", "pk": "x6a9m77lk81bhyanligj1ulu0hr0q9ut", "fields": {"session_data": ".eJxVjDsOwjAQBe_iGlnx-k9JnzNYXu8aB1Ai5VMh7o4spYD2zcx7i5SPvaVj4zVNJK5CaXH5HTGXJ8-d0CPP90WWZd7XCWVX5Ek3OS7Er9vp_h20vLVem1q5QCgQiXKpg9GWVAQwntk6jxbRAXgMEFHpgTS6QpWtAUXkgvh8ASeUOJU:1uZYP1:lo_zv_mi4X30ROLrOnTKKO24wOs6MtUzFxECLnX_P_M", "expire_date": "2025-07-23T17:16:15.085Z"}}, {"model": "users.customuser", "pk": 2, "fields": {"password": "pbkdf2_sha256$1000000$ZSsZ2nsGX1zhN23rPVZf3W$YfmRit5OxKaApqXuNuNZq+6I6W91ndRtPjVKcCCBIHg=", "last_login": "2025-07-08T09:09:04.209Z", "is_superuser": true, "username": "giacomo", "first_name": "", "last_name": "", "is_staff": true, "is_active": true, "date_joined": "2025-06-17T13:31:27.607Z", "user_type": "attendee", "email": "a@b.it", "groups": [], "user_permissions": []}}, {"model": "users.customuser", "pk": 13, "fields": {"password": "pbkdf2_sha256$1000000$I72CMKPoY17P8LNaoG2xUv$bFWuJzD2sFoj+jQM5W+blWLc6v1SSeWIgaa5l4wr5lI=", "last_login": "2025-07-09T17:16:15.082Z", "is_superuser": false, "username": "Luigi", "first_name": "", "last_name": "", "is_staff": false, "is_active": true, "date_joined": "2025-07-09T09:52:26.214Z", "user_type": "organizer", "email": "luigi@a.it", "groups": [1], "user_permissions": []}}, {"model": "users.customuser", "pk": 14, "fields": {"password": "pbkdf2_sha256$1000000$j3ZyhjGtXY8hAroGKm5vWT$Hieg/UTzzY4qb8lxsJCwr5MhF/aJqGAP+g9RAffvcuQ=", "last_login": "2025-07-09T09:56:15.016Z", "is_superuser": false, "username": "Mario", "first_name": "", "last_name": "", "is_staff": false, "is_active": true, "date_joined": "2025-07-09T09:56:14.822Z", "user_type": "organizer", "email": "mario@rossi.it", "groups": [1], "user_permissions": []}}, {"model": "users.customuser", "pk": 15, "fields": {"password": "pbkdf2_sha256$1000000$tQmiPygSrNrFuOdbwPPzVi$kHn8Ct7Y07o1/EFaeEGPFIHOXhWwe64SAsBLbhY5fso=", "last_login": "2025-07-09T09:59:06.405Z", "is_superuser": false, "username": "Paolo", "first_name": "", "last_name": "", "is_staff": false, "is_active": true, "date_joined": "2025-07-09T09:59:06.178Z", "user_type": "organizer", "email": "paolo@verdi.it", "groups": [1], "user_permissions": []}}, {"model": "users.customuser", "pk": 16, "fields": {"password": "pbkdf2_sha256$1000000$GHHo2yWsSuiYB5xrXBnlaZ$KsLl4wG6JF/X/7nRbwQ/j1J9h5+fQmecIoyjdeQABK8=", "last_login": "2025-07-09T10:04:30.945Z", "is_superuser": false, "username": "Antonio", "first_name": "", "last_name": "", "is_staff": false, "is_active": true, "date_joined": "2025-07-09T10:00:46.366Z", "user_type": "organizer", "email": "antonio@bianchi.it", "groups": [1], "user_permissions": []}}, {"model": "users.customuser", "pk": 17, "fields": {"password": "pbkdf2_sha256$1000000$6D8Zup6cWr64QBwc5LTKfA$kY9PrSgozsnKA0D5IfwUGE73Fjht3qEAZvyjBB4OVg8=", "last_login": "2025-07-09T10:04:18.427Z", "is_superuser": false, "username": "Stefano", "first_name": "", "last_name": "", "is_staff": false, "is_active": true, "date_joined": "2025-07-09T10:03:22.803Z", "user_type": "attendee", "email": "stefano@neri.it", "groups": [2], "user_permissions": []}}, {"model": "users.customuser", "pk": 18, "fields": {"password": "pbkdf2_sha256$1000000$YpnC5gGeea3VoLYSARw5Ui$2mfFeeetDCZirx5/hx5JmIVEU9FWRzKbVGZa7Dvf9F4=", "last_login": "2025-07-09T10:05:06.032Z", "is_superuser": false, "username": "Pietro", "first_name": "", "last_name": "", "is_staff": false, "is_active": true, "date_joined": "2025-07-09T10:05:05.835Z", "user_type": "attendee", "email": "pietro@rossi.it", "groups": [2], "user_permissions": []}}, {"model": "users.customuser", "pk": 19, "fields": {"password": "pbkdf2_sha256$1000000$SOufBY8MX08hHZfxV4ftD7$8a0L32/1dWRvIkav45wRG8tyWFQDosvjoyFnLDamWyc=", "last_login": "2025-07-09T10:54:57.039Z", "is_superuser": false, "username": "Giuseppe", "first_name": "", "last_name": "", "is_staff": false, "is_active": true, "date_joined": "2025-07-09T10:05:48.685Z", "user_type": "attendee", "email": "giuseppe@verdi.it", "groups": [2], "user_permissions": []}}, {"model": "users.customuser", "pk": 20, "fields": {"password": "pbkdf2_sha256$1000000$Keq9UOro3Rq03iilvMl2sa$S7g8fdXWM32tM/vt6LYIKmDeqNJ9lc371J6m2MOZ050=", "last_login": "2025-07-09T10:06:28.756Z", "is_superuser": false, "username": "Leonardo", "first_name": "", "last_name": "", "is_staff": false, "is_active": true, "date_joined": "2025-07-09T10:06:28.528Z", "user_type": "attendee", "email": "leonardo@bianchi.it", "groups": [2], "user_permissions": []}}, {"model": "users.customuser", "pk": 21, "fields": {"password": "pbkdf2_sha256$1000000$bCySy2XUs25X0PbdbtD4cZ$Yhm/sv/m2oYIUtufxfDQXYZY7ZfszfeF2EBac84EQCc=", "last_login": "2025-07-09T10:07:00.012Z", "is_superuser": false, "username": "Marco", "first_name": "", "last_name": "", "is_staff": false, "is_active": true, "date_joined": "2025-07-09T10:06:59.814Z", "user_type": "organizer", "email": "marco@neri.it", "groups": [1], "user_permissions": []}}, {"model": "users.customuser", "pk": 22, "fields": {"password": "pbkdf2_sha256$1000000$uL65yw8DqcyxgcOznyufOi$SSYy0QhaDvkB3vf8TH92Hx+fln34PAvonXfqTMvf6Pw=", "last_login": "2025-07-09T10:54:22.349Z", "is_superuser": false, "username": "Samuele", "first_name": "", "last_name": "", "is_staff": false, "is_active": true, "date_joined": "2025-07-09T10:51:34.539Z", "user_type": "organizer", "email": "samuele@bianchi.it", "groups": [1], "user_permissions": []}}, {"model": "events.event", "pk": 9, "fields": {"title": "Partita di calcetto", "description": "Partita di calcetto con squadre di 5 persone", "date": "2025-08-11T00:30:00Z", "location": "Milano", "organizer": 13}}, {"model": "events.event", "pk": 10, "fields": {"title": "Conferenza", "description": "Conferenza sul Machine Learning", "date": "2025-07-22T10:00:00Z", "location": "Torino", "organizer": 13}}, {"model": "events.event", "pk": 11, "fields": {"title": "Torneo di basket", "description": "Torneo di basket di 10 partite per squadre di 3 persone", "date": "2025-07-31T16:00:00Z", "location": "Roma", "organizer": 13}}, {"model": "events.event", "pk": 12, "fields": {"title": "Partita di tennis", "description": "Partita di tennis su terra rossa", "date": "2025-09-15T17:00:00Z", "location": "Firenze", "organizer": 14}}, {"model": "events.event", "pk": 13, "fields": {"title": "Open day", "description": "Open day della Scuola Superiore Rossi", "date": "2025-09-01T14:00:00Z", "location": "Napoli", "organizer": 14}}, {"model": "events.event", "pk": 14, "fields": {"title": "Partita di padel", "description": "Partita di padel per squadre di 2 persone", "date": "2025-10-05T15:00:00Z", "location": "Genova", "organizer": 15}}, {"model": "events.event", "pk": 15, "fields": {"title": "Raduno di auto storiche", "description": "Raduno di auto d'epoca degli anni '70", "date": "2025-08-25T09:00:00Z", "location": "Udine", "organizer": 16}}, {"model": "events.registration", "pk": 42, "fields": {"event": 9, "user": 13, "registration_date": "2025-07-09T09:55:34.046Z"}}, {"model": "events.registration", "pk": 43, "fields": {"event": 11, "user": 13, "registration_date": "2025-07-09T09:55:37.323Z"}}, {"model": "events.registration", "pk": 44, "fields": {"event": 11, "user": 14, "registration_date": "2025-07-09T09:58:31.658Z"}}, {"model": "events.registration", "pk": 45, "fields": {"event": 10, "user": 14, "registration_date": "2025-07-09T09:58:34.950Z"}}, {"model": "events.registration", "pk": 46, "fields": {"event": 12, "user": 14, "registration_date": "2025-07-09T09:58:39.538Z"}}, {"model": "events.registration", "pk": 47, "fields": {"event": 10, "user": 15, "registration_date": "2025-07-09T10:00:12.689Z"}}, {"model": "events.registration", "pk": 48, "fields": {"event": 9, "user": 15, "registration_date": "2025-07-09T10:00:13.861Z"}}, {"model": "events.registration", "pk": 49, "fields": {"event": 13, "user": 15, "registration_date": "2025-07-09T10:00:16.134Z"}}, {"model": "events.registration", "pk": 50, "fields": {"event": 11, "user": 15, "registration_date": "2025-07-09T10:00:23.200Z"}}, {"model": "events.registration", "pk": 51, "fields": {"event": 11, "user": 16, "registration_date": "2025-07-09T10:02:27.932Z"}}, {"model": "events.registration", "pk": 52, "fields": {"event": 13, "user": 16, "registration_date": "2025-07-09T10:02:31.339Z"}}, {"model": "events.registration", "pk": 53, "fields": {"event": 9, "user": 16, "registration_date": "2025-07-09T10:02:33.070Z"}}, {"model": "events.registration", "pk": 54, "fields": {"event": 14, "user": 16, "registration_date": "2025-07-09T10:02:36.816Z"}}, {"model": "events.registration", "pk": 55, "fields": {"event": 11, "user": 17, "registration_date": "2025-07-09T10:03:28.069Z"}}, {"model": "events.registration", "pk": 56, "fields": {"event": 10, "user": 17, "registration_date": "2025-07-09T10:03:29.385Z"}}, {"model": "events.registration", "pk": 57, "fields": {"event": 9, "user": 17, "registration_date": "2025-07-09T10:03:30.762Z"}}, {"model": "events.registration", "pk": 58, "fields": {"event": 14, "user": 17, "registration_date": "2025-07-09T10:03:32.402Z"}}, {"model": "events.registration", "pk": 60, "fields": {"event": 10, "user": 18, "registration_date": "2025-07-09T10:05:12.855Z"}}, {"model": "events.registration", "pk": 61, "fields": {"event": 11, "user": 18, "registration_date": "2025-07-09T10:05:13.934Z"}}, {"model": "events.registration", "pk": 62, "fields": {"event": 13, "user": 18, "registration_date": "2025-07-09T10:05:16.464Z"}}, {"model": "events.registration", "pk": 63, "fields": {"event": 14, "user": 18, "registration_date": "2025-07-09T10:05:17.882Z"}}, {"model": "events.registration", "pk": 64, "fields": {"event": 12, "user": 18, "registration_date": "2025-07-09T10:05:21.843Z"}}, {"model": "events.registration", "pk": 65, "fields": {"event": 10, "user": 19, "registration_date": "2025-07-09T10:05:50.911Z"}}, {"model": "events.registration", "pk": 66, "fields": {"event": 9, "user": 19, "registration_date": "2025-07-09T10:05:54.270Z"}}, {"model": "events.registration", "pk": 67, "fields": {"event": 12, "user": 19, "registration_date": "2025-07-09T10:05:55.965Z"}}, {"model": "events.registration", "pk": 68, "fields": {"event": 14, "user": 19, "registration_date": "2025-07-09T10:05:57.479Z"}}, {"model": "events.registration", "pk": 69, "fields": {"event": 15, "user": 19, "registration_date": "2025-07-09T10:06:02.746Z"}}, {"model": "events.registration", "pk": 70, "fields": {"event": 10, "user": 20, "registration_date": "2025-07-09T10:06:30.678Z"}}, {"model": "events.registration", "pk": 71, "fields": {"event": 9, "user": 20, "registration_date": "2025-07-09T10:06:31.359Z"}}, {"model": "events.registration", "pk": 72, "fields": {"event": 15, "user": 20, "registration_date": "2025-07-09T10:06:32.948Z"}}, {"model": "events.registration", "pk": 73, "fields": {"event": 13, "user": 20, "registration_date": "2025-07-09T10:06:34.212Z"}}, {"model": "events.registration", "pk": 74, "fields": {"event": 11, "user": 20, "registration_date": "2025-07-09T10:06:37.046Z"}}, {"model": "events.registration", "pk": 75, "fields": {"event": 10, "user": 21, "registration_date": "2025-07-09T10:07:05.425Z"}}, {"model": "events.registration", "pk": 76, "fields": {"event": 13, "user": 21, "registration_date": "2025-07-09T10:07:06.845Z"}}, {"model": "events.registration", "pk": 78, "fields": {"event": 15, "user": 21, "registration_date": "2025-07-09T10:07:10.274Z"}}, {"model": "events.registration", "pk": 79, "fields": {"event": 14, "user": 21, "registration_date": "2025-07-09T10:07:11.456Z"}}, {"model": "events.registration", "pk": 80, "fields": {"event": 12, "user": 21, "registration_date": "2025-07-09T10:07:14.852Z"}}, {"model": "events.registration", "pk": 81, "fields": {"event": 14, "user": 22, "registration_date": "2025-07-09T10:53:44.380Z"}}, {"model": "events.registration", "pk": 82, "fields": {"event": 9, "user": 22, "registration_date": "2025-07-09T10:53:45.816Z"}}, {"model": "events.registration", "pk": 83, "fields": {"event": 11, "user": 22, "registration_date": "2025-07-09T10:53:46.947Z"}}]